SNP ID,Uncorrected p-value,Correct p-value,Disease odds ratio for heterozygous individuals,Disease odds ratio for homozygous alternate individuals
SNP1000,1.7324820411067143e-16,1.7324820411067143e-12,1.5828460038986354,2.5099111414900888
SNP2000,9.230118981405191e-07,0.00923011898140519,1.5034938807737863,2.24862721171446
SNP3000,5.62921270697861e-10,5.62921270697861e-06,1.5876165280927184,2.027660120652034
SNP4000,4.770371767336931e-07,0.004770371767336931,1.34410198935276,1.9961757105943152
